stock_no,product_size,profit,product_type,weight,product_name
1,3.05,205.36,clothing,5.1,polo
2,3.66,865.58,furniture,0.41,cot
3,6.49,410.63,food,19.95,ice cream
4,5.02,380.93,clothing,1.18,socks
5,8.63,862.55,clothing,10.61,shirt
6,0.66,937.78,food,9.26,sauce
7,5.9,486.69,food,0.93,sauce
8,8.99,602.94,food,2.49,noodles
9,3.24,289.96,food,10.96,rice
10,9.97,685.52,furniture,3.58,dining table
11,0.1,3.89,furniture,17.39,chair
12,4.9,76.55,furniture,18.23,chair
13,4.39,78.1,furniture,1.21,cot
14,7.22,351.6,food,11.07,wrap
15,9.86,122.1,food,3.75,beef
16,1.29,43.69,furniture,17.22,bed
17,5.65,674.43,furniture,1.35,sofa
18,5.31,608.85,clothing,17.95,socks
19,7.55,373.38,food,4.18,whey
20,0.94,947,furniture,16.33,dining table
21,9.69,38.93,food,9.21,noodles
22,5.85,517.07,food,6,whey
23,1.23,291.64,clothing,6.42,t-shirt
24,2.15,458.38,clothing,1.86,underwear
25,5.34,613.37,food,12,bread
26,5.16,691.5,food,18.55,quinoa
27,6.01,33.58,food,15.77,ice cream
28,6.51,950.26,clothing,7.44,socks
29,2.89,847.21,clothing,2.4,jeans
30,3.28,984.05,food,12.3,wrap
31,4.23,886.65,clothing,10.87,dress
32,8.59,719.54,clothing,1.95,trousers
33,9.95,474.53,food,19.12,ice cream
34,0.97,948.18,furniture,11.17,press
35,5.42,270.29,furniture,2.74,chair
36,7.27,247.66,food,14.33,rice
37,4.87,711.17,clothing,7.36,jeans
38,0.33,480.64,furniture,8.95,sofa
39,7,141.99,food,2.17,ice cream
40,0.45,975.83,food,15.04,beef
41,0.22,777.71,furniture,14.01,dining table
42,3.78,151.89,food,8.68,noodles
43,0.7,982.11,furniture,5.81,bed
44,9.11,18.84,clothing,19.6,jeans
45,6.74,790.05,clothing,4.75,underwear
46,4.33,412.89,food,16.53,roll
47,6.73,591.12,food,8.68,whey
48,1.62,256.75,furniture,12.05,cot
49,2.92,332.67,clothing,19.74,trousers
50,3.53,674.43,food,4.15,roll
51,7.25,63.26,furniture,6.98,press
52,5.69,111.39,food,8.92,yoghurt
53,8.97,628.05,clothing,3.97,jeans
54,8.64,970.76,clothing,2.36,socks
55,9.88,510.32,furniture,19.97,shelves
56,8.36,597.61,food,1.07,beef
57,5.79,203.01,furniture,10.73,bed
58,7.03,418.16,furniture,10.56,shelves
59,8.96,155.01,clothing,9,underwear
60,6.33,54.3,food,17.53,wrap
61,9.92,845.34,furniture,11.56,chair
62,6.83,582.35,furniture,11.37,press
63,1.39,524.03,clothing,3.03,trousers
64,4.02,273.04,clothing,19.3,trousers
65,4.98,447.35,clothing,8.83,shirt
66,4.6,508.88,furniture,14.35,sofa
67,7.49,293.41,furniture,10.78,shelves
68,7.62,596.27,food,0.7,whey
69,3.09,8.7,food,9.45,noodles
70,1.43,151.31,clothing,8.52,skirt
71,0.01,350.5,clothing,17.11,trousers
72,2.9,810.62,food,12.54,wrap
73,4.2,414.11,clothing,3.29,trousers
74,4.25,955.1,furniture,10.58,bed
75,1.49,987.22,furniture,0.56,sofa
76,8.51,685.72,furniture,13.74,bed
77,8.11,376.86,furniture,9.42,cot
78,1.23,443.75,food,1.65,rice
79,3.76,213.01,food,8.62,roll
80,6.61,774.61,clothing,19.02,skirt
81,5.76,962.43,food,18.01,rice
82,5.89,867.09,furniture,14.4,cot
83,0,968.97,furniture,5.69,shelves
84,1.27,166.35,food,1.6,wrap
85,2.97,484.75,food,0.84,bread
86,6.6,598.1,food,14.96,wrap
87,7.26,741.46,clothing,0.49,dress
88,4.13,610.66,furniture,9.51,dining table
89,9.6,223.77,clothing,11.48,underwear
90,2.26,545.54,furniture,5.58,shelves
91,6.18,388.02,furniture,6.63,press
92,5.68,32.56,furniture,19.33,desk
93,7.05,857.9,food,7.37,sauce
94,4.3,750.48,clothing,1.53,dress
95,9.15,473.03,food,2.36,yoghurt
96,2.66,842.35,furniture,1.6,bed
97,3.56,808.53,food,14.56,noodles
98,1.81,356.87,food,11.14,quinoa
99,6.19,364.46,food,19.03,roll
100,2.36,423.09,clothing,18.97,tie
101,1.64,62.35,clothing,8.27,shirt
102,9.14,416.43,food,2.21,rice
103,7.99,374.77,furniture,5.42,bed
104,4.45,299.92,furniture,4.1,desk
105,9.53,868.32,clothing,4.49,dress
106,0.92,793.54,food,10.77,bread
107,4.87,319.3,furniture,19.33,bed
108,9.51,520.11,food,14.2,ice cream
109,1.91,994.21,clothing,13.09,t-shirt
110,9.43,2.84,furniture,10.75,cot
111,1.54,674.16,furniture,0.24,sofa
112,0.08,461.23,furniture,10.83,desk
113,6.24,245.12,food,13.04,beef
114,7.6,2.71,clothing,4.54,dress
115,7.35,178.23,clothing,11.75,shirt
116,6.65,587.32,clothing,17.34,t-shirt
117,0.41,107.7,furniture,17.58,cot
118,9.51,522.84,clothing,2.18,jeans
119,2.78,116.81,furniture,6.38,sofa
120,7.75,970.05,clothing,18.47,polo
121,7.61,924.77,furniture,8.48,chair
122,3.92,615.64,furniture,12.84,sofa
123,1.29,748.5,food,18.59,roll
124,2.02,348.33,food,8.14,roll
125,3.37,730.89,food,9.22,chicken
126,2.15,634.34,furniture,16.7,dining table
127,4.44,449.36,clothing,17.48,shirt
128,7.5,99,clothing,7.68,dress
129,2.45,7.66,clothing,5.13,tie
130,9.45,976.84,food,19.01,roll
131,1.46,903.29,food,7.79,whey
132,2.01,915.06,clothing,1.74,t-shirt
133,4.21,600.46,clothing,17.19,dress
134,9.8,607.92,furniture,4.55,bed
135,3.04,113.58,furniture,13.45,cot
136,5.25,82.25,food,3.96,whey
137,9.84,358.12,furniture,4.93,dining table
138,0.13,234.36,clothing,2.1,tie
139,0.77,824.66,furniture,9.45,shelves
140,9.96,116.72,furniture,8.73,dining table
141,4.92,355.32,furniture,4.76,bed
142,5.63,716.71,clothing,7.51,shirt
143,7.83,411.09,clothing,2.38,shirt
144,0.27,675.63,clothing,17.38,jeans
145,8.96,644.46,furniture,0.32,dining table
146,0.69,105.75,furniture,10.42,cot
147,3.47,123.84,food,14.61,roll
148,4.55,980.62,clothing,8.09,dress
149,2.38,314.22,furniture,8.8,shelves
150,6.83,867.81,food,18.66,chicken
151,9.22,521.72,clothing,12.7,trousers
152,7.09,929.29,clothing,2.34,polo
153,6.98,114.4,furniture,10.55,press
154,0.79,249.89,furniture,15.63,chair
155,5.42,585.64,food,13.68,roll
156,7.25,413.66,furniture,1.02,dining table
157,6.89,832.53,food,14.05,whey
158,3.91,142.27,food,8.77,beef
159,5.59,253.84,furniture,10.87,chair
160,9.78,3.43,food,18.64,ice cream
161,4.64,617.65,clothing,18.88,underwear
162,4.74,126.13,food,17.07,quinoa
163,3.84,21.86,clothing,1.59,t-shirt
164,9.5,667.91,clothing,2.66,polo
165,8.35,279.48,furniture,16.16,bed
166,6.61,941.68,clothing,11.2,jeans
167,2.42,768.09,food,18.36,beef
168,8.86,865.67,furniture,18.07,dining table
169,3.09,815.04,furniture,3.71,bed
170,1.28,85.38,furniture,12.75,bed
171,0.38,913.89,furniture,18.4,shelves
172,9.27,442.98,furniture,9.9,desk
173,6.58,392.95,furniture,16.91,desk
174,5.66,557.13,food,3.36,roll
175,3.7,868.89,food,7.83,yoghurt
176,1.36,918.88,furniture,8.34,cot
177,8.95,455.39,food,2.11,ice cream
178,7.33,235.27,clothing,5.11,jeans
179,4.62,186.5,clothing,15.05,polo
180,5.78,502.87,clothing,2,skirt
181,3.2,981.96,furniture,10.84,press
182,7.59,326.64,clothing,16.67,skirt
183,1.19,505.98,clothing,8.16,polo
184,3.71,837,furniture,7.86,bed
185,4.63,327.9,clothing,9.95,dress
186,4.1,621.86,food,19.26,noodles
187,8.22,534.84,furniture,12.29,dining table
188,7.98,325.14,furniture,10.31,chair
189,4.67,359.64,food,7.52,beef
190,9.07,617.12,food,4.34,sauce
191,8.98,440.55,clothing,4.92,socks
192,3.82,480.62,furniture,4.7,shelves
193,6.44,914.99,food,3.41,noodles
194,3.32,75.55,clothing,13.91,shirt
195,9.56,201.41,furniture,3.25,dining table
196,2.71,865.8,food,17.54,bread
197,9.12,177.84,furniture,18.14,bed
198,7.4,105.71,clothing,3.82,dress
199,8.89,715.58,clothing,16.11,shirt
200,1.24,636.9,food,0,sauce
201,4.09,72.82,clothing,4.09,skirt
202,1.95,244.58,clothing,8.68,underwear
203,5.24,979.61,furniture,18.87,dining table
204,1.4,821.82,food,3.5,yoghurt
205,4.9,449.19,furniture,15.26,chair
206,3.99,284.26,furniture,14.33,dining table
207,7.19,741.24,furniture,19.5,bed
208,0.44,231.82,furniture,2.67,bed
209,5.61,681.99,food,8.27,whey
210,5.54,992.57,furniture,1.57,desk
211,5.1,256.76,clothing,9.69,jeans
212,3.72,96.33,clothing,12.37,jeans
213,8.05,35.68,food,1.64,sauce
214,2.06,344.52,clothing,15.98,tie
215,3.18,234.47,clothing,7.01,shirt
216,4.15,907.74,food,7.64,ice cream
217,7.78,476.19,food,8.08,sauce
218,2.78,342.25,food,3.82,bread
219,4.47,834.19,food,17.93,ice cream
220,2.93,584.92,furniture,6.5,bed
221,1.18,179.53,clothing,1.16,dress
222,4.87,812.01,clothing,16.8,shirt
223,6.61,519.01,food,16.52,bread
224,4.19,897.14,food,13.35,bread
225,0.31,91.39,food,12.26,wrap
226,7.11,634.37,clothing,18.62,polo
227,9.72,171.18,clothing,9.37,trousers
228,3,473.02,furniture,12.91,cot
229,6.15,333.55,clothing,3.67,t-shirt
230,1.51,181.37,food,13.92,yoghurt
231,5.94,951.44,clothing,5.6,dress
232,2.5,986.99,food,3.41,wrap
233,5.1,720.4,clothing,10.82,dress
234,0.56,538.07,clothing,3.75,dress
235,3.06,971.7,clothing,12.02,jeans
236,8.83,425.82,furniture,9.11,bed
237,7.04,89.21,clothing,9.1,dress
238,4.54,796.8,clothing,4.91,tie
239,2.69,884.48,clothing,17.78,t-shirt
240,8.23,534.71,clothing,10.59,jeans
241,2.12,367.54,clothing,11.03,t-shirt
242,6.25,658.43,food,14.13,wrap
243,4.85,427.69,clothing,13.65,dress
244,6.88,159.61,clothing,7.8,shirt
245,5.41,992.15,clothing,6.25,polo
246,2.28,256.27,furniture,16.73,desk
247,5.53,769.48,food,4.48,chicken
248,3.94,77.62,furniture,12.71,chair
249,0.35,991.62,food,2.87,whey
250,7.84,47.19,clothing,6.36,dress
251,3.81,503.32,clothing,19.65,polo
252,3.92,31.78,clothing,13,t-shirt
253,3.87,54.21,furniture,16.62,press
254,6.67,609.26,furniture,3.82,desk
255,4.87,851.33,furniture,0.08,bed
256,0.27,718.76,clothing,11.36,tie
257,2.4,281.31,clothing,5.48,underwear
258,2.8,451.19,furniture,1.02,cot
259,0.91,861.35,furniture,14.75,press
260,1.77,764.81,furniture,16.12,sofa
261,5.28,109.52,food,13.83,wrap
262,2.07,728.12,furniture,11.86,shelves
263,9.31,354.98,food,9.06,rice
264,9.9,541.74,food,8.03,roll
265,4.38,578.42,clothing,7.16,socks
266,9.59,652.02,food,19.72,bread
267,7.94,194.63,clothing,6.12,jeans
268,9.09,599.11,food,1.87,wrap
269,3.02,126.78,furniture,12.18,cot
270,2.79,790.17,food,2.34,bread
271,9.43,312.92,clothing,19.56,polo
272,1.11,872.84,food,17.66,roll
273,9.66,448.3,food,19.16,noodles
274,9.7,622.39,food,2.07,whey
275,8.12,91.04,clothing,8.68,shirt
276,4.74,712.72,furniture,17.79,chair
277,7.64,557.89,clothing,9.08,skirt
278,5.03,87.84,food,4.65,ice cream
279,6.97,329.38,food,19.39,roll
280,4.66,530.33,food,8.6,wrap
281,6.91,462.53,furniture,12.36,chair
282,1.5,352.4,food,8.76,noodles
283,6.6,369.63,furniture,16.43,dining table
284,8.24,749.49,furniture,3.68,sofa
285,8.19,907.79,food,5.38,wrap
286,3.17,370.08,food,9.15,roll
287,0.38,63.58,food,2.73,yoghurt
288,5.56,869.37,furniture,10.59,desk
289,1.96,406.14,food,15.35,noodles
290,5.73,903.31,furniture,18.19,cot
291,6.82,128.07,food,1.39,whey
292,3.93,201.68,food,15.87,roll
293,0.89,240,clothing,3.68,underwear
294,8.92,842.51,food,9.67,ice cream
295,6.6,950.03,food,14.25,yoghurt
296,9.46,871.45,food,9.38,beef
297,1.23,189.67,clothing,3.28,socks
298,6.34,36.97,furniture,3.58,desk
299,7.56,420.58,furniture,7.76,bed
300,6.6,236.87,food,4.08,chicken
301,3.34,464.1,food,4,ice cream
302,2.79,846.76,clothing,18.74,shirt
303,2.19,873.76,food,15.97,sauce
304,4.08,167.99,furniture,9.12,sofa
305,8.35,944.4,furniture,9.21,bed
306,5.97,961.68,clothing,8.45,dress
307,5.32,363.75,food,8.31,yoghurt
308,4.42,225.76,food,17,roll
309,9.39,183.32,furniture,17.63,shelves
310,0.24,922.28,food,2.61,bread
311,2.25,9.81,clothing,8.37,shirt
312,5.98,926.84,clothing,9.19,shirt
313,0.32,381.33,furniture,17.64,chair
314,4.24,274.59,furniture,16.82,shelves
315,8.42,619.37,clothing,13.58,jeans
316,7.02,585.35,food,8.92,wrap
317,6.44,97.38,food,14.76,noodles
318,3.89,978.43,furniture,5.74,sofa
319,8.1,242.78,furniture,16.77,sofa
320,1.22,848.84,furniture,1.68,bed
321,9.57,996.69,food,14.31,wrap
322,8.41,401.78,clothing,13.48,t-shirt
323,3.28,564.95,furniture,15.74,chair
324,0.79,189.53,furniture,4.34,cot
325,3.25,794.68,furniture,6.4,cot
326,5.28,245.09,furniture,19.74,bed
327,0.08,655.07,clothing,7.07,trousers
328,1.68,298.25,furniture,18.03,sofa
329,0.4,899.98,furniture,18.57,dining table
330,0.99,28.65,food,0,quinoa
331,7.21,432.2,furniture,3.08,press
332,2.34,984.8,furniture,11.85,sofa
333,4.35,549.4,food,3.33,quinoa
334,5.61,894.98,food,14.16,bread
335,4.37,194.92,food,12.4,bread
336,0.83,686.21,clothing,13.97,shirt
337,3.08,290.97,furniture,6.4,press
338,4.35,726.62,clothing,4.93,skirt
339,1.79,993.54,furniture,17.83,cot
340,1.42,968.99,furniture,2.6,dining table
341,7.28,768.16,clothing,2.5,polo
342,5.08,469.58,furniture,8.1,shelves
343,9.91,890.23,furniture,0.68,cot
344,4.05,536.43,clothing,10.42,trousers
345,3.8,106.86,food,11.91,ice cream
346,6.21,39.4,food,18.42,whey
347,8.54,786.99,food,10.11,chicken
348,5.58,550.5,clothing,16.24,shirt
349,0.04,99.63,clothing,16.39,t-shirt
350,9.44,139.8,clothing,19.09,shirt
351,0.64,643.22,food,10.92,rice
352,9.8,491.23,clothing,17.26,underwear
353,5.48,188.16,food,12.11,bread
354,0.77,672.26,furniture,4.63,shelves
355,6.91,78.92,furniture,7.47,cot
356,1.36,284.39,food,10.89,quinoa
357,3.56,570.68,furniture,0.95,dining table
358,8.41,54.56,food,13.26,chicken
359,9.8,354.81,food,16.11,yoghurt
360,9.43,650.37,clothing,19.86,t-shirt
361,3.51,186.53,furniture,6.43,dining table
362,2.6,429.88,clothing,11.99,underwear
363,8.97,617.87,food,13.04,yoghurt
364,3.67,767.74,clothing,16.4,trousers
365,3.81,372.95,furniture,10.56,chair
366,9.97,388.98,clothing,10.28,skirt
367,2.19,27.72,food,9.26,roll
368,1.1,549.73,food,17.85,sauce
369,3.54,585.27,food,8.65,noodles
370,7,544.57,furniture,0.2,press
371,1.01,487.51,clothing,10.78,t-shirt
372,6.12,540.23,food,10.83,yoghurt
373,9.88,640.96,clothing,19.17,underwear
374,2.6,540.72,clothing,14.65,underwear
375,6.72,632.52,food,0.32,quinoa
376,2.94,836.19,food,10.25,sauce
377,2.16,464.31,furniture,17.62,sofa
378,6.26,39.03,food,0.35,bread
379,9.78,60.53,furniture,12.72,dining table
380,5.39,763.84,clothing,12.36,dress
381,3.18,821.35,furniture,5.39,shelves
382,4.76,367.49,furniture,9.36,sofa
383,8.36,885.99,clothing,15.63,polo
384,6.77,229.74,furniture,11.34,shelves
385,6.59,326.33,food,4.32,whey
386,5.5,829.81,food,16.37,noodles
387,5.12,113.92,clothing,12.46,trousers
388,6.16,420.94,clothing,0.3,trousers
389,1.17,913.08,furniture,10.57,chair
390,2.54,65.95,furniture,5.28,shelves
391,4.12,212.82,food,13.24,ice cream
392,0.25,959.35,clothing,18.35,jeans
393,5.92,926.23,food,5.93,bread
394,9.38,39.39,clothing,7.72,polo
395,4.74,624.34,food,10.77,noodles
396,4.28,432.77,furniture,19.66,shelves
397,4.99,344.34,clothing,14.12,skirt
398,2.02,883.03,furniture,11.1,press
399,0,975.7,clothing,4.38,jeans
400,1.36,672.94,clothing,12.72,tie
401,0.06,427.33,clothing,18.9,socks
402,1.06,392.45,food,4.04,noodles
403,7.5,603.57,furniture,18.13,cot
404,2.22,189.13,furniture,18.67,shelves
405,2.58,292.46,food,2.85,beef
406,6.92,442.49,food,12.55,chicken
407,1.8,489.59,food,19.7,whey
408,3.62,858.87,furniture,18.69,desk
409,2.45,572.22,food,15.38,rice
410,6.48,717.03,food,8.53,noodles
411,8.97,937.63,food,2.11,quinoa
412,1.33,701.97,food,13.92,noodles
413,4.44,154.9,food,18.04,ice cream
414,9.24,433.12,furniture,11.74,cot
415,6.98,294.51,clothing,5.97,underwear
416,7.97,878.8,furniture,19.07,cot
417,4.33,749.69,food,3.3,ice cream
418,9.4,377.48,clothing,8.19,underwear
419,2.87,67.62,clothing,6.13,underwear
420,9.48,732.18,food,2.95,yoghurt
421,4.83,229.29,furniture,8.1,press
422,3.95,920.42,food,2.53,roll
423,3.65,122.11,food,3.7,roll
424,6.13,579.3,food,6.87,yoghurt
425,3.6,272.17,furniture,10.78,press
426,8.56,729.79,furniture,17.69,desk
427,3.01,565.39,furniture,18.56,cot
428,5.85,458.13,furniture,14.49,dining table
429,7.92,209.62,food,8.34,rice
430,9.72,886.51,food,3.47,chicken
431,8.58,384.78,food,15.43,quinoa
432,6.67,852.04,food,15.35,yoghurt
433,0.17,204.99,clothing,4.42,socks
434,7.6,378.03,food,6.98,yoghurt
435,8.32,935.25,food,8.19,wrap
436,2.7,486.93,clothing,7.45,dress
437,7.6,591.63,furniture,2.83,cot
438,7.02,18.35,food,13.1,bread
439,1.17,776.76,furniture,1.15,shelves
440,0.36,275.46,food,13.47,noodles
441,6.71,25.73,food,10.16,bread
442,2.09,6.44,clothing,12.15,trousers
443,3.79,447.36,clothing,4.26,jeans
444,0.94,170.39,food,16.15,roll
445,6.67,758.21,food,1.16,noodles
446,7.28,828.49,furniture,6.54,dining table
447,3.84,522.26,furniture,6.39,bed
448,5.66,972.15,food,7.59,quinoa
449,5.14,107.39,food,1.54,quinoa
450,9.82,629.97,clothing,10.69,jeans
451,2.3,463.6,food,12.87,chicken
452,2.63,790.47,furniture,11.6,dining table
453,0.82,622.91,clothing,6.45,jeans
454,1.1,139.78,clothing,13.04,socks
455,6.03,127.38,furniture,12.06,bed
456,3.91,677.1,clothing,4.42,polo
457,6.06,583.82,clothing,5.67,jeans
458,1.77,778.14,furniture,6.03,bed
459,0.77,751.34,furniture,14.02,chair
460,2.08,212.28,furniture,13.86,desk
461,5.09,190.45,food,8.76,noodles
462,0.81,711.21,food,3.64,wrap
463,4.57,979.81,furniture,14.82,shelves
464,8.89,143.52,clothing,16.95,dress
465,4.66,539.9,clothing,17.52,polo
466,0.93,333.24,furniture,9.03,desk
467,3.19,639.65,clothing,17.05,shirt
468,2.25,63.25,food,13.16,quinoa
469,8.46,115.96,clothing,16.14,t-shirt
470,8.48,583.04,food,15.06,chicken
471,7.02,95.57,food,1.75,wrap
472,8.39,588.93,clothing,13.31,tie
473,9.49,728.98,clothing,6.76,polo
474,6.72,4.93,furniture,15.74,chair
475,0.47,385,furniture,17.71,chair
476,5.35,812.02,furniture,0.16,press
477,9.22,634.11,food,10.05,noodles
478,2.51,246.79,clothing,14.75,skirt
479,4.38,680.63,furniture,3.19,cot
480,5.06,287.13,furniture,1.2,bed
481,9.83,389.31,food,7.61,chicken
482,1,649.51,clothing,7.36,socks
483,8.89,57.31,clothing,6.9,shirt
484,2.01,304.3,clothing,14.33,socks
485,3.54,883.09,clothing,0.38,dress
486,0.3,248.97,clothing,19.38,tie
487,6.37,655.61,furniture,3.96,bed
488,8.74,195.71,furniture,4.54,desk
489,4.17,774.79,clothing,18.76,jeans
490,0.98,60.9,clothing,4.18,skirt
491,4.53,601.24,food,9.25,chicken
492,8.66,802.59,furniture,19.17,desk
493,3.42,51.54,furniture,11.28,dining table
494,4.31,970.09,clothing,5.27,underwear
495,6.67,983.49,furniture,16.29,dining table
496,9.34,349.2,furniture,11.97,chair
497,5.47,793.43,food,6.29,wrap
498,8.75,59.71,furniture,9.05,desk
499,3.31,589.51,clothing,17.27,dress
500,0.95,223.68,furniture,11.89,sofa
501,3.3,460.06,furniture,16.61,press
502,4.12,946.44,food,18.33,yoghurt
503,6.86,719.66,furniture,18.64,bed
504,7.55,425.24,furniture,9.26,sofa
505,7.78,778.01,clothing,17.65,jeans
506,1.4,926.34,clothing,10.83,polo
507,5.85,94.75,furniture,10.84,cot
508,7.49,783.08,food,12.35,whey
509,3.14,117.82,clothing,17.5,trousers
510,5.54,152.17,furniture,9.08,dining table
511,4.82,897.56,clothing,1.75,skirt
512,2.19,667.39,furniture,3.47,chair
513,7.15,919.19,food,10.4,whey
514,4.02,707.75,food,8.28,ice cream
515,3.19,247.26,food,7.69,roll
516,2.53,13.14,clothing,18.63,skirt
517,8.24,923.94,food,17.26,sauce
518,6.54,651.3,furniture,18.01,sofa
519,8.67,653.27,clothing,16.21,socks
520,4.05,449.45,furniture,6.32,sofa
521,4.42,648.69,clothing,7.79,tie
522,0.08,155.5,food,5.02,yoghurt
523,1.85,173.28,clothing,15.29,t-shirt
524,9.11,342.72,furniture,12.19,chair
525,9.49,172.54,food,12.45,wrap
526,9.42,654.4,furniture,11.39,desk
527,6.42,841.87,clothing,3.16,dress
528,2.81,676.89,food,14.36,wrap
529,4.23,116.03,clothing,2.85,tie
530,8.55,211.59,clothing,16.07,dress
531,8.79,923.1,food,6.97,rice
532,4,913.13,furniture,4.79,desk
533,7.46,828.87,furniture,10,cot
534,9.07,669.48,furniture,3.99,cot
535,6.05,223.83,food,11.57,roll
536,0.62,17.75,food,1.58,rice
537,2.44,8.65,food,11.59,ice cream
538,0.2,928.47,furniture,18.73,chair
539,1.39,656.2,food,17.38,ice cream
540,3.28,407.15,clothing,0.33,t-shirt
541,0.01,950.37,clothing,0.59,polo
542,0.87,198.96,food,19.23,sauce
543,0.81,907.39,furniture,18.51,cot
544,5.33,87.87,food,8.32,beef
545,1.39,119.59,furniture,5.46,dining table
546,5.5,34.84,furniture,17.86,sofa
547,6.36,785.3,food,15.81,quinoa
548,1.89,901.82,food,15.29,rice
549,1.08,491.73,food,4.34,noodles
550,3.57,25.83,food,1.84,noodles
551,2.11,279.72,furniture,11.29,shelves
552,4.24,658.2,food,12.25,wrap
553,7.29,488.71,clothing,9.59,underwear
554,3.32,418.66,food,17.4,whey
555,7.9,163.3,furniture,13.64,sofa
556,1.63,618.36,food,14.68,rice
557,3.48,159.48,food,19.86,bread
558,6.42,230.44,furniture,18.7,sofa
559,6.78,194.2,clothing,5.93,dress
560,2.28,421.66,food,17.58,yoghurt
561,9.36,983.81,furniture,10.68,bed
562,9.17,977.34,clothing,17.46,polo
563,6.69,674.59,clothing,19.35,dress
564,7.91,482.31,clothing,6.49,shirt
565,5.38,534.05,clothing,16.15,shirt
566,5.86,649.87,furniture,0.93,press
567,8.77,584.79,food,9.78,roll
568,0.31,545.87,clothing,19.68,skirt
569,2.32,758.19,clothing,3.51,socks
570,5.75,769.04,clothing,16.43,trousers
571,3.18,171.13,furniture,5.89,bed
572,4.83,873.39,furniture,5.06,desk
573,3.18,449.06,furniture,16.47,dining table
574,9.69,581.45,furniture,13.45,sofa
575,8.8,657.16,furniture,1.66,shelves
576,7.81,151.04,food,13.7,rice
577,6.08,430.78,food,13.58,whey
578,0.75,539.65,furniture,17.32,dining table
579,1.49,299.58,food,7.89,whey
580,2.24,383.53,food,16.93,whey
581,3.9,340.62,food,8.63,beef
582,5.09,168.97,clothing,13.26,shirt
583,3.12,360.72,furniture,12.24,press
584,9.67,290.88,food,3.93,chicken
585,3.41,618.95,food,16.33,whey
586,4.13,946.18,clothing,13.41,shirt
587,4.52,630.02,clothing,15.86,skirt
588,1.06,310.45,clothing,5.21,jeans
589,4.1,187.62,food,6.9,bread
590,1.54,965.69,furniture,18.86,dining table
591,1.36,98.17,furniture,19.24,press
592,5.74,679.02,furniture,19.36,cot
593,4.61,916.03,food,4.78,bread
594,7.65,194.99,clothing,4.61,t-shirt
595,1.5,91.03,food,14.78,yoghurt
596,2.86,662.61,clothing,1.89,skirt
597,8.19,929.84,clothing,13.02,jeans
598,7.85,608.14,food,5.95,wrap
599,1.5,340.06,food,18.12,bread
600,5.26,185.15,food,19.97,bread
601,8.49,206.93,clothing,3.88,t-shirt
602,3.21,585.39,clothing,12.32,underwear
603,7.51,908.2,food,10.75,beef
604,2.16,469.46,furniture,1.24,chair
605,3.98,561.84,furniture,6.9,dining table
606,4.08,733.38,food,9.86,chicken
607,0.27,673.87,furniture,12.59,bed
608,3.39,332.54,clothing,18.73,skirt
609,5.61,387.69,clothing,10.29,polo
610,7.41,294.83,furniture,14.85,bed
611,9.46,15.45,food,5.6,quinoa
612,5.63,284.43,clothing,1.84,dress
613,4.33,868.32,furniture,12.08,press
614,6.86,892.78,furniture,16.95,bed
615,2.03,81.56,furniture,10.34,cot
616,3.48,342.3,furniture,9.78,cot
617,1.37,681.57,clothing,15.08,t-shirt
618,6.8,927.5,furniture,0.95,dining table
619,2.43,56.49,food,14.07,wrap
620,5.88,639.92,food,3.75,noodles
621,7.91,362.57,clothing,18.72,socks
622,8.15,628.82,food,12.87,wrap
623,7.35,439.56,clothing,5.23,tie
624,0.52,968.05,clothing,1.01,tie
625,0.7,523.27,furniture,13.31,desk
626,2.28,481.55,food,16.72,sauce
627,4.67,646.04,clothing,7.56,tie
628,1.15,197.93,food,19.62,wrap
629,6.15,114.77,clothing,16.42,skirt
630,1.68,299.79,food,11.94,ice cream
631,1.24,291.67,food,14.39,bread
632,9.65,111,food,16.6,chicken
633,1,319.04,clothing,2.65,jeans
634,7.16,185.88,food,13.05,ice cream
635,5.73,521.62,clothing,15.15,polo
636,3.98,756.21,clothing,11,polo
637,7.9,907.32,furniture,15.22,chair
638,7.5,510.17,food,1.91,quinoa
639,5.5,4.89,food,0.09,wrap
640,0.7,168.87,food,9.93,sauce
641,0,208.02,food,9,whey
642,1.66,556.78,clothing,13.11,t-shirt
643,1.25,740.5,furniture,15.21,press
644,4.27,138.05,furniture,2.96,press
645,1.26,577.39,clothing,10.21,polo
646,1.83,293.69,furniture,4.84,chair
647,7.16,100.26,furniture,10.38,bed
648,0.56,78.61,clothing,0.59,skirt
649,2.94,378.25,clothing,1.6,skirt
650,4.84,291.58,food,10,ice cream
651,3.54,523.72,food,6.63,bread
652,3.5,671.02,food,13.68,noodles
653,1.75,409.91,furniture,4.04,chair
654,2.66,384.71,food,4.22,quinoa
655,0.81,241.1,food,4.33,rice
656,5.37,670.35,food,12.61,chicken
657,0.46,854.43,furniture,0.73,dining table
658,2.85,239.76,clothing,10.17,dress
659,5.89,625.77,furniture,6.87,desk
660,9.59,292.78,furniture,9.32,cot
661,4.56,11.1,clothing,3.34,socks
662,8.43,948.65,food,4.31,beef
663,7.23,592.14,food,0.29,quinoa
664,3.54,431.21,furniture,5.31,cot
665,7.1,818.37,food,11.94,whey
666,1.22,394.16,clothing,3.33,tie
667,5.85,230.3,food,9.6,whey
668,3.66,897.2,clothing,3.83,underwear
669,4.53,857.06,clothing,14.31,underwear
670,7.32,623.17,food,17.46,sauce
671,9.33,126.49,food,2.7,bread
672,6.56,842.4,furniture,1.13,shelves
673,9.39,872.83,furniture,16.22,desk
674,7.52,95.6,food,18.38,chicken
675,3.33,643.99,clothing,4.47,jeans
676,0,630.27,food,14.77,rice
677,7.41,98.66,food,18.43,noodles
678,4.17,725.99,clothing,13.79,polo
679,4.72,361.89,furniture,19.87,chair
680,2.7,542.59,food,16.07,rice
681,5.99,873.39,furniture,5.35,bed
682,6.15,263.8,clothing,13.49,tie
683,9.49,914.37,furniture,6.49,shelves
684,8.36,578.71,furniture,6.81,chair
685,5.76,262.79,clothing,18.81,t-shirt
686,0.33,545.62,furniture,8.24,cot
687,6.08,684.36,clothing,1.62,t-shirt
688,7.04,91.52,food,18.46,ice cream
689,2.72,844.11,clothing,0.8,polo
690,5.63,66.49,clothing,10.15,trousers
691,0.81,559.24,clothing,7.56,jeans
692,3.95,657.42,food,11.41,ice cream
693,3.91,844.04,clothing,14,jeans
694,9.49,733.53,furniture,6.02,sofa
695,8.56,459.19,clothing,11.69,jeans
696,1.79,641.88,food,19.02,whey
697,4.34,469.88,furniture,16.66,press
698,3.2,989.81,furniture,2.19,sofa
699,0.56,218.85,clothing,9.46,t-shirt
700,2.57,670.99,furniture,13.03,bed
701,3.21,469.71,clothing,6.49,underwear
702,2.85,854.44,food,12.43,roll
703,5.09,207.46,clothing,1.41,underwear
704,4.13,135.8,furniture,19.95,bed
705,3.04,473.51,furniture,2.68,desk
706,5.67,666.97,food,5.9,rice
707,1.69,662.28,food,9.17,yoghurt
708,7.87,329.27,furniture,17.99,shelves
709,1.83,957.49,clothing,9.64,jeans
710,0.81,845.88,furniture,8.1,desk
711,9.33,272.7,food,8.3,ice cream
712,0.78,44.11,clothing,7.38,skirt
713,0.7,844.71,food,11.3,wrap
714,4.83,378.97,food,9.79,yoghurt
715,1.02,18.8,furniture,13.24,chair
716,2.25,867,furniture,8.59,bed
717,5.95,913.74,clothing,3.5,socks
718,3.54,646.67,food,1.05,quinoa
719,2.82,171.44,food,8.49,ice cream
720,1.63,662,food,9.14,sauce
721,9.25,445.2,furniture,12.44,press
722,1.72,402.21,food,7.96,chicken
723,9.71,739.72,food,13.78,bread
724,9.32,9.64,food,17.98,bread
725,4.04,955.87,furniture,4.5,cot
726,2.4,467.85,furniture,17.92,desk
727,6.74,357.29,furniture,18.93,press
728,1.02,759.93,furniture,11.92,dining table
729,1.24,131.83,clothing,0.14,underwear
730,1.5,410.03,food,16.36,yoghurt
731,6.2,795.16,food,13.6,noodles
732,8.57,554.88,food,18.2,chicken
733,2.15,567.17,clothing,7.07,polo
734,1.03,216.14,clothing,15.26,shirt
735,5.82,85.05,furniture,8.39,cot
736,3.14,925.36,clothing,14.6,skirt
737,7.91,0.12,food,10.14,yoghurt
738,1.81,163.06,furniture,6.35,desk
739,7.56,450.77,clothing,0.29,trousers
740,4.07,362.63,food,0.44,ice cream
741,8.48,158.51,clothing,18.9,tie
742,0.53,365.19,furniture,9.32,cot
743,3.75,735.34,clothing,6.68,shirt
744,4.63,212.64,food,13.33,rice
745,6.72,509.22,food,10.9,chicken
746,0.2,227.53,furniture,12.51,desk
747,1.74,104.32,food,4.8,roll
748,4.06,441.27,furniture,12,bed
749,2.88,211.31,clothing,14.39,tie
750,7.1,32.57,food,8.63,chicken
751,0.63,140.92,food,5.89,noodles
752,0.69,151.09,furniture,4.78,dining table
753,2.52,496.53,food,10.15,sauce
754,9.17,252.32,furniture,13.78,press
755,2.85,69.32,furniture,4.69,cot
756,1.54,497.03,food,1.96,ice cream
757,8.62,214.12,food,4.17,beef
758,8.92,439.01,food,7.53,whey
759,0.7,243.56,clothing,15.65,tie
760,9.23,732.38,clothing,0.31,jeans
761,7.98,503.54,clothing,16.74,underwear
762,4.15,721.85,food,5.12,sauce
763,4.56,771.78,clothing,0.2,underwear
764,2.21,7.88,food,18.85,beef
765,0.13,401.67,clothing,0.09,shirt
766,1.43,381.6,food,14.71,wrap
767,1.45,617.23,furniture,12.64,dining table
768,9.96,657.22,furniture,6.46,shelves
769,7.98,539.55,clothing,17.42,t-shirt
770,0.76,62.72,food,16.99,noodles
771,5.92,816.61,food,5.29,sauce
772,7.7,902.25,clothing,15.72,trousers
773,1.01,979.07,furniture,3.36,dining table
774,2.46,6.64,furniture,13.28,press
775,0.71,435.04,food,14.08,yoghurt
776,4.69,330.07,clothing,3.28,t-shirt
777,4.62,364.86,furniture,17.72,sofa
778,3.56,340.34,clothing,14.4,jeans
779,6.17,282.68,clothing,10.2,t-shirt
780,5.42,304.18,clothing,0.47,polo
781,9.94,769.74,furniture,6.29,shelves
782,6.75,223.17,furniture,2.07,shelves
783,6.78,491.44,food,9.37,sauce
784,4.22,663.68,clothing,7.86,jeans
785,2.84,461.08,furniture,16.63,desk
786,1.39,629.12,clothing,15.35,tie
787,9.15,755.76,furniture,15.18,desk
788,2.99,222.7,clothing,17.57,socks
789,2.11,828.79,food,19.13,ice cream
790,8.59,947.25,furniture,4.64,press
791,1,902.49,furniture,3.32,desk
792,5.31,344.82,furniture,3.89,shelves
793,9.47,242.61,clothing,12.46,dress
794,6.84,737.47,clothing,17.17,t-shirt
795,8.04,811.01,clothing,13.44,socks
796,6.85,759.33,clothing,4.23,shirt
797,8.42,358.41,food,14.03,rice
798,9.51,615.9,furniture,15.79,press
799,1.66,16.95,food,5.76,ice cream
800,4.94,314,food,0.07,noodles
801,7.91,666.94,clothing,17.91,dress
802,8.08,0.92,furniture,2.78,sofa
803,5.67,656.56,furniture,3.04,shelves
804,5,170.79,furniture,2.04,press
805,5.76,785.37,food,6.61,whey
806,9.97,44.74,clothing,1.4,socks
807,6.12,452.92,furniture,0.76,cot
808,1.18,520.42,food,4.37,ice cream
809,7.92,512.43,furniture,12.5,desk
810,8.21,115.22,furniture,19.51,chair
811,5.35,343.83,furniture,17.6,cot
812,6.11,991.94,food,3.15,ice cream
813,6,646.28,clothing,0.29,tie
814,7.86,964.39,clothing,6.54,underwear
815,8.57,750.8,food,1.18,roll
816,0.28,179.17,clothing,14.9,jeans
817,0.99,285.06,clothing,0.69,underwear
818,0.16,834.85,clothing,19.17,dress
819,6.83,141.56,furniture,7.07,shelves
820,8.85,894.2,food,13.81,roll
821,2.66,553.62,clothing,4.37,dress
822,2.99,151.27,furniture,19.83,dining table
823,7.31,477.29,food,5.88,rice
824,2.59,973.48,furniture,15.83,sofa
825,1.1,325.11,clothing,3.22,underwear
826,7.08,713.78,food,2.88,chicken
827,6.88,249.32,food,10.21,wrap
828,0.08,433.39,furniture,2.32,cot
829,2.65,275.34,clothing,1.76,tie
830,4.68,237.99,food,9.86,roll
831,2.95,433.55,food,6.69,chicken
832,6.15,139.84,food,9.78,yoghurt
833,8.57,425.88,furniture,0.89,bed
834,1.22,700.2,clothing,12.4,jeans
835,4.68,950.86,food,6.04,noodles
836,5.43,502.58,clothing,7.88,tie
837,3.94,751.61,furniture,0.17,dining table
838,3.23,149.52,food,1.44,wrap
839,8.52,977.19,furniture,18.51,dining table
840,8.5,720.45,clothing,19.58,underwear
841,2.21,647.64,clothing,9.89,trousers
842,9.36,607.85,furniture,14.94,sofa
843,9.13,229.08,clothing,16.06,tie
844,5.67,518.25,clothing,14.3,trousers
845,2.7,756.57,clothing,1.06,t-shirt
846,8.03,291.35,clothing,6.18,t-shirt
847,5.99,640.97,clothing,2.87,polo
848,3.62,80.86,furniture,4.05,bed
849,8.91,190.66,furniture,12.62,desk
850,3.13,715.62,clothing,2.59,socks
851,5.83,46.8,food,11,chicken
852,3.62,800.05,food,17.22,yoghurt
853,2.05,514.15,furniture,2.92,dining table
854,9.39,855.95,clothing,17.27,jeans
855,6.5,675.64,furniture,5.03,dining table
856,5.3,588.45,clothing,6.42,skirt
857,7.29,803.47,food,17.88,sauce
858,9.44,658.54,food,14.73,sauce
859,9.46,818.71,furniture,3.29,chair
860,7.61,784.59,furniture,10.77,press
861,7.98,905.97,food,12.09,quinoa
862,1.32,543.32,furniture,13.54,cot
863,7.02,577.65,food,16.73,noodles
864,0.7,893.81,clothing,3.13,trousers
865,8.93,3.67,food,0.99,yoghurt
866,4.43,485.34,food,9.08,yoghurt
867,6.9,592.81,furniture,18.87,desk
868,8.12,662.4,food,3.18,bread
869,6.46,766.49,clothing,18.05,jeans
870,3.64,329.43,furniture,16.8,bed
871,6.62,123.54,clothing,17.35,skirt
872,9.9,419.3,furniture,4.96,press
873,7.66,79.93,furniture,11.5,press
874,6.57,231.36,clothing,9.22,tie
875,8.93,117.6,furniture,11.17,cot
876,4.37,673.01,clothing,7.12,dress
877,3.1,814.66,food,8.42,bread
878,7.96,190.94,furniture,4.13,cot
879,6.02,849.98,clothing,7.79,skirt
880,3.64,503.67,furniture,11.2,dining table
881,5.3,243.99,food,0.12,yoghurt
882,1.03,121.44,furniture,12.81,dining table
883,3.01,216.91,furniture,6.53,cot
884,2.01,128.42,furniture,18.52,bed
885,9.68,419.54,furniture,4.75,shelves
886,1.2,51.56,furniture,19,chair
887,9.59,994.54,food,2.53,bread
888,5.28,515.72,food,9.05,wrap
889,5.67,657.39,food,8.06,whey
890,1.21,175.17,food,13.59,quinoa
891,6.23,407.68,clothing,5.07,t-shirt
892,6.37,615.68,food,15.31,chicken
893,5.39,355.89,furniture,13.89,bed
894,7.63,309.24,food,5.92,yoghurt
895,1.37,917,clothing,12.57,trousers
896,7.57,638.31,clothing,4.34,jeans
897,4.38,214.16,furniture,18.33,cot
898,9.92,170.18,furniture,17.47,bed
899,3.01,486.94,clothing,10.44,polo
900,0.11,37.12,clothing,7.7,underwear
901,3.1,108.93,food,10.07,rice
902,7.97,186.69,clothing,1.89,trousers
903,6.7,769.07,furniture,7.07,desk
904,8.04,611.58,furniture,8.51,desk
905,6.59,416.75,clothing,4.86,tie
906,4.99,528.15,food,2.35,noodles
907,5.17,743.6,clothing,5.78,trousers
908,0.05,565.58,furniture,11.14,press
909,7.91,710.04,clothing,7.65,skirt
910,0.51,576.43,food,7.62,yoghurt
911,9.69,249.37,clothing,16.15,polo
912,6.74,498.87,clothing,5.49,shirt
913,2.01,485.35,food,14.34,roll
914,5.09,604.81,furniture,8.11,chair
915,5.31,915.76,furniture,14.74,bed
916,0.73,522.94,food,17.86,noodles
917,6.14,925.64,clothing,1.35,tie
918,9.56,147.64,furniture,12.41,dining table
919,9.73,923.09,furniture,9.76,press
920,3.32,81.73,furniture,6.38,dining table
921,9.56,119.91,furniture,12.2,chair
922,8.99,842.81,food,4.15,chicken
923,1.09,407.74,food,11.22,rice
924,1.99,322.4,food,10.2,quinoa
925,8.78,332.76,food,13.84,noodles
926,3.54,204.12,furniture,14.14,dining table
927,2.42,45.55,furniture,4.22,chair
928,4.15,759.46,food,19.28,yoghurt
929,5.39,494.24,food,10.88,ice cream
930,2.33,34.14,food,9.68,rice
931,3.74,196.41,furniture,16.19,press
932,1.21,772.51,clothing,7.82,polo
933,6.17,852.14,food,15.03,wrap
934,4.21,924.78,food,7.29,chicken
935,1.5,719.18,furniture,10.74,press
936,7.99,754.09,food,13.06,sauce
937,5.26,552.61,furniture,8.87,chair
938,0.12,950.04,furniture,0.52,press
939,1.52,486.03,furniture,5.17,chair
940,9.32,818.15,food,8.64,yoghurt
941,9.46,565.39,clothing,9.09,dress
942,8.29,327.42,furniture,11.06,sofa
943,5.39,965.66,food,2.75,quinoa
944,1.07,585.86,food,18.75,sauce
945,8.35,889.73,food,19.32,yoghurt
946,9.28,654.02,clothing,1.22,polo
947,0.53,869.28,food,14.72,beef
948,3.93,198.33,food,0.48,rice
949,9.75,745.05,food,8.57,yoghurt
950,6.4,496.32,food,16.66,sauce
951,6.38,823.76,furniture,3.73,press
952,7.91,578.44,clothing,3.72,skirt
953,8.02,123.4,furniture,19.33,cot
954,7.09,677.08,clothing,1.03,skirt
955,0.66,526.71,furniture,7.01,shelves
956,3.47,716.94,furniture,4.39,desk
957,2.88,71.45,food,4.13,wrap
958,5.01,585.48,clothing,19.73,polo
959,2.17,672.76,food,18.03,chicken
960,3.77,844.34,food,6.85,whey
961,3.51,185.52,clothing,0.38,underwear
962,2.37,900.83,furniture,7.26,dining table
963,7.37,300.12,food,18.4,wrap
964,6.23,821.04,clothing,7.74,trousers
965,9.4,994.49,furniture,3.28,shelves
966,2.07,729.38,furniture,12.73,chair
967,0.29,192.63,food,18.95,beef
968,5.73,442.8,food,11.34,noodles
969,7.02,854.89,food,10.35,sauce
970,0.13,88.46,clothing,18.89,trousers
971,8.75,765.23,furniture,9.95,desk
972,1.66,519.48,food,8.62,beef
973,4.9,227.57,furniture,10.65,press
974,0.52,791.16,furniture,13.1,bed
975,0.02,995.38,food,16.36,yoghurt
976,3.52,53.78,food,8.15,ice cream
977,8.42,205.73,food,18.86,roll
978,8.69,750.2,furniture,15.84,desk
979,3.55,816.77,food,6.45,roll
980,4.77,388.16,furniture,15.36,desk
981,8,250.55,clothing,18.87,tie
982,6.23,839.64,food,8.97,beef
983,1.01,793.37,clothing,15.52,dress
984,7.6,709.08,clothing,19.97,trousers
985,3.71,54.68,furniture,5.21,cot
986,9.98,743.64,clothing,4.76,t-shirt
987,5.26,915.54,food,15.95,noodles
988,7.78,539.14,food,15.96,noodles
989,3.25,851.22,clothing,1.49,shirt
990,5.88,13.44,furniture,15.01,bed
991,8.72,208.71,furniture,0.17,dining table
992,8.29,272.54,furniture,17.5,chair
993,8.71,278.67,food,9.48,roll
994,5.93,158.9,furniture,13.76,cot
995,8.12,648.72,food,8.59,noodles
996,9.75,423.34,furniture,1.16,sofa
997,3.8,559.78,clothing,7.6,t-shirt
998,9.31,177.56,food,14.26,sauce
999,0.87,654.29,clothing,11.48,dress
1000,1.86,632.88,furniture,10.43,cot
